URL,Last crawled
https://lamgame.vn/index.php/blog?tag=unity-3d&page=4,2025-11-22
https://lamgame.vn/index.php/blog?tag=unity-3d&page=10,2025-11-22
https://lamgame.vn/index.php/blog?tag=unity-3d&page=9,2025-11-21
https://lamgame.vn/index.php/blog?tag=unity-3d&page=8,2025-11-20
https://lamgame.vn/blog?tag=unity-ui&page=1,2025-11-20
https://lamgame.vn/index.php/blog/ire-blood-memory-game-nhap-vai-hanh-dong-day-mau-me,2025-11-19
https://lamgame.vn/index.php/khoa-hoc/csharp,2025-11-19
https://lamgame.vn/index.php/blog?category=rpg-games&page=6,2025-11-17
https://lamgame.vn/index.php/blog/top-8-game-thu-thach-nao-bo-cuc-hay,2025-11-16
https://lamgame.vn/index.php/blog/million-arthur-game-the-bai-chien-thuat-hay-nhat,2025-11-15
https://lamgame.vn/index.php/blog?tag=unity-ui&page=3,2025-11-13
https://lamgame.vn/index.php/blog?page=1,2025-11-12
https://lamgame.vn/index.php/blog?tag=monobehaviour&page=1,2025-11-11
https://lamgame.vn/index.php/blog?tag=cpp&page=1,2025-11-11
https://lamgame.vn/index.php/blog?tag=unity-ui&page=1,2025-11-11
https://lamgame.vn/index.php/blog?tag=python&page=1,2025-11-10
https://lamgame.vn/index.php/auth/login,2025-11-10
https://lamgame.vn/blog?tag=csharp&page=1,2025-11-09
https://lamgame.vn/index.php/blog?tag=unity-ui&page=2,2025-11-09
https://lamgame.vn/index.php/blog?category=2d-game&page=1,2025-11-09
https://lamgame.vn/index.php/blog?tag=unity-2d&page=3,2025-11-09
https://lamgame.vn/index.php/blog?category=unity-development&page=4,2025-11-08
https://lamgame.vn/index.php/blog?tag=unity-2d&page=1,2025-11-08
https://lamgame.vn/blog?tag=cpp&page=1,2025-11-07
https://lamgame.vn/index.php/blog?tag=glsl,2025-11-03
https://lamgame.vn/index.php/gioi-thieu,2025-11-02
https://lamgame.vn/index.php/blog?category=2d-game&page=3,2025-10-31
https://lamgame.vn/blog?tag=unity-3d&page=1,2025-10-29
https://lamgame.vn/index.php/blog?tag=unity-3d,2025-10-29
https://lamgame.vn/index.php/blog?tag=unity&page=5,2025-10-29
https://lamgame.vn/index.php/viec-lam-game?page=1,2025-10-29
https://lamgame.vn/blog?category=unity-development&page=1,2025-10-28
https://lamgame.vn/index.php/blog?category=unreal-engine&page=1,2025-10-28
https://lamgame.vn/index.php/blog?category=fps-games&page=2,2025-10-28
https://lamgame.vn/index.php/blog?category=2d-game&page=4,2025-10-27
https://lamgame.vn/index.php/blog?tag=cpp&page=2,2025-10-27
https://lamgame.vn/index.php/blog?category=2d-game&page=6,2025-10-27
https://lamgame.vn/index.php/blog?category=2d-game&page=2,2025-10-26
https://lamgame.vn/index.php/blog?tag=monobehaviour&page=2,2025-10-25
https://lamgame.vn/blog?tag=monobehaviour&page=1,2025-10-25
https://lamgame.vn/index.php/blog?tag=unity-2d&page=2,2025-10-25
https://lamgame.vn/index.php/blog?tag=unity&page=4,2025-10-25
https://lamgame.vn/index.php/blog?tag=unity&page=1,2025-10-25
https://lamgame.vn/index.php/blog?category=2d-game&page=5,2025-10-24
https://lamgame.vn/index.php/blog?tag=unity-ui,2025-10-24
https://lamgame.vn/index.php/blog?tag=python,2025-10-21
https://lamgame.vn/index.php/khoa-hoc/unreal,2025-10-21
https://lamgame.vn/index.php/blog?category=battle-royale,2025-10-19
https://lamgame.vn/index.php/viec-lam/technical-artist,2025-10-18
https://lamgame.vn/index.php/blog?tag=unity&page=3,2025-10-18
https://lamgame.vn/blog?category=unreal-engine&page=1,2025-10-16
https://lamgame.vn/blog?category=rpg-games&page=1,2025-10-16
https://lamgame.vn/blog?category=game-collections,2025-10-16
https://lamgame.vn/index.php/blog?tag=unity&page=2,2025-10-15
https://lamgame.vn/index.php/blog?category=game-collections,2025-10-15
https://lamgame.vn/index.php/blog?category=unreal-engine&page=5,2025-10-15
https://lamgame.vn/index.php/blog?tag=pc-game,2025-10-14
https://lamgame.vn/index.php/khoa-hoc/unity,2025-10-14
https://lamgame.vn/index.php/blog?tag=javascript,2025-10-12
https://lamgame.vn/index.php/blog?category=unity-development&page=1,2025-10-12
https://lamgame.vn/khoa-hoc/mobile,2025-10-12
https://lamgame.vn/index.php/blog?category=fps-games&page=3,2025-10-12
https://lamgame.vn/blog?tag=physics,2025-10-12
https://lamgame.vn/index.php/blog?category=vr-ar-game,2025-10-12
https://lamgame.vn/index.php/blog/marvel-contest-of-champions-dai-chien-sieu-anh-hung,2025-10-12
https://lamgame.vn/index.php/blog?category=unreal-engine&page=2,2025-10-12
https://lamgame.vn/index.php/blog?tag=cpp,2025-10-12
https://lamgame.vn/index.php/viec-lam/senior-unity-developer,2025-10-12
https://lamgame.vn/index.php/blog?category=2d-game,2025-10-12
https://lamgame.vn/index.php/blog?tag=multiplayer,2025-10-11
https://lamgame.vn/index.php/blog?category=fps-games&page=5,2025-10-11
https://lamgame.vn/index.php/blog?category=unity-development,2025-10-11
https://lamgame.vn/index.php/blog?tag=monobehaviour,2025-10-11
https://lamgame.vn/index.php/blog?category=unreal-engine&page=6,2025-10-10
https://lamgame.vn/index.php/blog?tag=physics,2025-10-10
https://lamgame.vn/index.php/blog?category=unreal-engine&page=7,2025-10-09
https://lamgame.vn/blog?category=game-reviews,2025-10-09
https://lamgame.vn/index.php/blog?tag=ue5,2025-10-07
https://lamgame.vn/index.php/blog?tag=rpg,2025-10-07
https://lamgame.vn/index.php/blog?category=game-reviews,2025-10-05
https://lamgame.vn/index.php/viec-lam/game-tester,2025-10-02
https://lamgame.vn/index.php/blog/top-game-online-danh-cho-fan-manga-anime,2025-10-02
https://lamgame.vn/index.php/blog?category=3d-game,2025-09-30
https://lamgame.vn/index.php/blog?tag=hlsl,2025-09-30
https://lamgame.vn/blog?tag=unity-2d&page=1,2025-09-29
https://lamgame.vn/index.php/blog?tag=gameplay,2025-09-29
https://lamgame.vn/index.php/khoa-hoc/mobile,2025-09-29
https://lamgame.vn/index.php/blog?category=game-art,2025-09-29
https://lamgame.vn/index.php/blog?tag=game-design,2025-09-29
https://lamgame.vn/index.php/blog?category=rpg-games&page=1,2025-09-29
https://lamgame.vn/index.php/blog?category=rpg-games&page=4,2025-09-29
https://lamgame.vn/index.php/khoa-hoc/game-design,2025-09-28
https://lamgame.vn/index.php/blog?category=rpg-games&page=5,2025-09-28
https://lamgame.vn/index.php/blog?category=unity-development&page=2,2025-09-28
https://lamgame.vn/index.php/blog?category=rpg-games,2025-09-28
https://lamgame.vn/index.php/blog?tag=racing,2025-09-28
https://lamgame.vn/index.php/blog?tag=unity,2025-09-28
https://lamgame.vn/blog?category=2d-game&page=1,2025-09-28
https://lamgame.vn/index.php/blog?category=programming,2025-09-28
https://lamgame.vn/index.php/blog?tag=ue4,2025-09-28
https://lamgame.vn/index.php/blog?category=unity-development&page=9,2025-09-27
https://lamgame.vn/viec-lam/6-2d-game-artist,2025-09-27
https://lamgame.vn/index.php/blog?tag=blueprint,2025-09-27
https://lamgame.vn/index.php/blog?tag=csharp,2025-09-27
https://lamgame.vn/index.php/blog?category=action-games,2025-09-27
https://lamgame.vn/index.php/blog?tag=performance,2025-09-27
https://lamgame.vn/index.php/viec-lam/10-mobile-game-developer,2025-09-26
https://lamgame.vn/index.php/auth/register,2025-09-26
https://lamgame.vn/index.php/auth/forgot-password,2025-09-26
https://lamgame.vn/index.php/viec-lam/13-game-tester,2025-09-26
https://lamgame.vn/index.php/blog?category=unreal-engine&page=4,2025-09-26
https://lamgame.vn/index.php/blog?category=unreal-engine,2025-09-26
https://lamgame.vn/index.php/viec-lam-game?page=2,2025-09-26
https://lamgame.vn/index.php/blog?category=game-industry,2025-09-26
https://lamgame.vn/index.php/blog?category=unity-development&page=8,2025-09-26
https://lamgame.vn/index.php/blog?category=fps-games&page=1,2025-09-26
https://lamgame.vn/index.php/blog?category=fps-games,2025-09-26
https://lamgame.vn/index.php/blog?tag=lua,2025-09-26
https://lamgame.vn/index.php/blog?category=unity-development&page=7,2025-09-26
https://lamgame.vn/index.php/blog?category=unity-development&page=10,2025-09-26
https://lamgame.vn/index.php/blog?category=unity-development&page=6,2025-09-26
https://lamgame.vn/top-game-doanh-thu-khung-tren-steam-2018.html,2025-09-07